[{"price":"2 499","name":"Базовое теплое худи","img":"https://tvoe.ru/img/1evttfe/product/626/834/36/4670080771181-111.jpg"},{"price":"2 199","name":"Однотонное плотное худи","img":"https://tvoe.ru/img/3ujigig/product/626/834/36/4670080770962.jpg"},{"price":"2 199","name":"Однотонное плотное худи","img":"https://tvoe.ru/img/3e1439d/product/626/834/36/4670080770917-1.jpg"},{"price":"1 499","name":"Теплые брюки","img":"https://tvoe.ru/img/tu750b/product/626/834/36/4670080771433.jpg"},{"price":"1 499","name":"Теплые брюки","img":"https://tvoe.ru/img/2987daj/product/626/834/36/4670080771488.jpg"},{"price":"699","name":"Базовая плотная футболка","img":"https://tvoe.ru/img/3retsvm/product/626/834/36/4670080401682.jpg"},{"price":"699","name":"Базовая плотная футболка","img":"https://tvoe.ru/img/eo9g3f/product/626/834/36/4670080401484.jpg"},{"price":"699","name":"Базовая плотная футболка","img":"https://tvoe.ru/img/3jccbli/product/626/834/36/4670080401088.jpg"},{"price":"699","name":"Базовая плотная футболка","img":"https://tvoe.ru/img/24gh9ph/product/626/834/36/4670080401637.jpg"},{"price":"699","name":"Базовая плотная футболка","img":"https://tvoe.ru/img/3sva1q/product/626/834/36/4670080400982-111.jpg"},{"price":"599","name":"Короткие шорты","img":"https://tvoe.ru/img/2fk53l4/product/626/834/36/4670080400739.jpg"},{"price":"599","name":"Короткие шорты","img":"https://tvoe.ru/img/2gu2rej/product/626/834/36/4670080400685.jpg"},{"price":"599","name":"Короткие шорты","img":"https://tvoe.ru/img/1jindhu/product/626/834/36/4670080174968.jpg"},{"price":"599","name":"Короткие шорты","img":"https://tvoe.ru/img/700tu/product/626/834/36/4670080174913.jpg"},{"price":"499","name":"Базовый однотонный топ","img":"https://tvoe.ru/img/28jr98d/product/626/834/36/4670080158890.jpg"},{"price":"499","name":"Базовый однотонный топ","img":"https://tvoe.ru/img/2d7f2pj/product/626/834/36/4670080158760.jpg"},{"price":"1 799","name":"Спортивные брюки трикотажные","img":"https://tvoe.ru/img/1q949i4/product/626/834/36/4670080060438.jpg"},{"price":"499","name":"Базовая однотонная майка","img":"https://tvoe.ru/img/12d3te6/product/626/834/36/4670080058572.jpg"},{"price":"499","name":"Базовый однотонный топ","img":"https://tvoe.ru/img/rqrf9h/product/626/834/36/4670080055878.jpg"},{"price":"499","name":"Базовый однотонный топ","img":"https://tvoe.ru/img/2kr1ub5/product/626/834/36/4670080055748.jpg"},{"price":"599","name":"Легкая футболка","img":"https://tvoe.ru/img/fe7rj9/product/626/834/36/4660053090647-1.jpg"},{"price":"599","name":"Легкая футболка","img":"https://tvoe.ru/img/29llvn4/product/626/834/36/4660053090548-1.jpg"},{"price":"1 499","name":"Тонкие спортивные брюки","img":"https://tvoe.ru/img/1tssmf8/product/626/834/36/4670080055335.jpg"},{"price":"1 499","name":"Тонкие спортивные брюки","img":"https://tvoe.ru/img/1b4el5k/product/626/834/36/4670080055120.jpg"},{"price":"1 799","name":"Спортивные брюки трикотажные","img":"https://tvoe.ru/img/t07pvl/product/626/834/36/4670080060384.jpg"},{"price":"499","name":"Базовая однотонная майка","img":"https://tvoe.ru/img/1n6jp0r/product/626/834/36/4670080058527-111.jpg"},{"price":"599","name":"Легкая футболка","img":"https://tvoe.ru/img/3op13ao/product/626/834/36/4660053090593.jpg"},{"price":"1 999","name":"Худи теплое","img":"https://tvoe.ru/img/1aus305/product/626/834/36/4670080062937.jpg"}]