[{"price":"3 499","name":"Джинсовка оверсайз","img":"https://tvoe.ru/img/1eirjj0/product/626/834/36/4660053502324.jpg"},
{"price":"3 499","name":"Джинсовка оверсайз","img":"https://tvoe.ru/img/1eirjj0/product/626/834/36/4660053502324.jpg"},{"price":"3 499","name":"Джинсовая куртка оверсайз","img":"https://tvoe.ru/img/1pslril/product/626/834/36/4620123523581.jpg"},{"price":"3 499","name":"Джинсовая куртка-рубашка","img":"https://tvoe.ru/img/1grvris/product/626/834/36/4620123536932.jpg"},{"price":"3 499","name":"Джинсовая куртка-рубашка","img":"https://tvoe.ru/img/m3kijg/product/626/834/36/4620123536888.jpg"},{"price":"3 999","name":"Бомбер на кнопках","img":"https://tvoe.ru/img/65u3r3/product/626/834/36/4620123524366.jpg"},{"price":"3 999","name":"Бомбер на кнопках","img":"https://tvoe.ru/img/2enbdlj/product/626/834/36/4620123524311.jpg"},{"price":"3 999","name":"Куртка-бомбер","img":"https://tvoe.ru/img/1djn31g/product/626/834/36/4620123493112.jpg"},{"price":"5 999","name":"Стеганая куртка с капюшоном","img":"https://tvoe.ru/img/tcgfrh/product/626/834/36/4620123240235.jpg"},{"price":"5 999","name":"Стеганая куртка с капюшоном","img":"https://tvoe.ru/img/1gnce04/product/626/834/36/4620123240181.jpg"},{"price":"5 999","name":"Стеганая куртка с капюшоном","img":"https://tvoe.ru/img/1jbu8sd/product/626/834/36/4620123240136.jpg"},{"price":"5 999","name":"Стеганая куртка с капюшоном","img":"https://tvoe.ru/img/3i7fhoc/product/626/834/36/4620123240082.jpg"},{"price":"5 999","name":"Стеганая куртка с капюшоном","img":"https://tvoe.ru/img/3p387iq/product/626/834/36/4620123240020.jpg"},{"price":"4 999","name":"Стеганая куртка без капюшона","img":"https://tvoe.ru/img/2uatr44/product/626/834/36/4620123239970.jpg"},{"price":"4 999","name":"Стеганая куртка без капюшона","img":"https://tvoe.ru/img/3vckoue/product/626/834/36/4620123239925.jpg"},{"price":"4 999","name":"Стеганая куртка без капюшона","img":"https://tvoe.ru/img/2rl3v94/product/626/834/36/4620123239871.jpg"},{"price":"4 999","name":"Бомбер с надписями","img":"https://tvoe.ru/img/3f66265/product/626/834/36/4620123524816.jpg"},{"price":"4 499","name":"Куртка с капюшоном","img":"https://tvoe.ru/img/3102cn0/product/626/834/36/4620123524762.jpg"},{"price":"4 499","name":"Стеганая куртка без капюшона","img":"https://tvoe.ru/img/1crgg9a/product/626/834/36/4620123524717.jpg"},{"price":"4 499","name":"Стеганая куртка без капюшона","img":"https://tvoe.ru/img/385dluc/product/626/834/36/4620123524663.jpg"},{"price":"4 999","name":"Стеганая дутая куртка с капюшоном","img":"https://tvoe.ru/img/3fv3c5b/product/626/834/36/4620123524618.jpg"},{"price":"4 999","name":"Стеганая дутая куртка с капюшоном","img":"https://tvoe.ru/img/2h0p0lc/product/626/834/36/4620123524861.jpg"},{"price":"4 999","name":"Стеганая дутая куртка с капюшоном","img":"https://tvoe.ru/img/1dffp7q/product/626/834/36/4620123524465.jpg"},{"price":"4 999","name":"Стеганая дутая куртка с капюшоном","img":"https://tvoe.ru/img/1b4mv71/product/626/834/36/4620123524410.jpg"},{"price":"4 499","name":"Стеганная куртка без капюшона","img":"https://tvoe.ru/img/16q4cfs/product/626/834/36/4620123493013.jpg"},{"price":"4 499","name":"Стеганная куртка без капюшона","img":"https://tvoe.ru/img/381hud8/product/626/834/36/4620123492948.jpg"},{"price":"3 999","name":"Куртка-рубашка","img":"https://tvoe.ru/img/2jp9bfm/product/626/834/36/4620123028659-1.jpg"},{"price":"3 999","name":"Анорак однотонный с капюшоном","img":"https://tvoe.ru/img/3p8glm2/product/626/834/36/4620123105138.jpg"},{"price":"3 999","name":"Куртка-бомбер","img":"https://tvoe.ru/img/22ljen7/product/626/834/36/4620123028406-1.jpg"},{"price":"3 499","name":"Джинсовая куртка оверсайз","img":"https://tvoe.ru/img/2a5in5u/product/626/834/36/4620123104179.jpg"},{"price":"3 499","name":"Джинсовая куртка оверсайз","img":"https://tvoe.ru/img/2s0tupf/product/626/834/36/4620123104131.jpg"},{"price":"4 499","name":"Демисезонная куртка без капюшона","img":"https://tvoe.ru/img/3flkin9/product/626/834/36/4620123028352-11.jpg"},{"price":"4 499","name":"Куртка на синтепоне","img":"https://tvoe.ru/img/1d00aoe/product/626/834/36/4620123028154.jpg"},{"price":"4 499","name":"Куртка на синтепоне","img":"https://tvoe.ru/img/47eq7f/product/626/834/36/4620123493068.jpg"},{"price":"4 999","name":"Куртка-косуха","img":"https://tvoe.ru/img/2s3b02/product/626/834/36/4660053808297-11.jpg"},{"price":"3 999","name":"Куртка на синтепоне","img":"https://tvoe.ru/img/1u3nbdp/product/626/834/36/4660053787998.jpg"}]