[{"price":"1 799","name":"Яркая пижама с шортами","img":"https://tvoe.ru/img/3gckkie/product/626/834/36/4620123727859.jpg"},
{"price":"1 799","name":"Пижама из хлопка с принтом черепа","img":"https://tvoe.ru/img/2ghn9ta/product/626/834/36/4620123752042.jpg"},
{"price":"1 799","name":"Пижама из хлопка с принтом","img":"https://tvoe.ru/img/rhj8c7/product/626/834/36/4620123749523.jpg"},
{"price":"1 799","name":"Пижама с принтом Bad Badtz","img":"https://tvoe.ru/img/30o68v1/product/626/834/36/4620123740469.jpg"},
{"price":"1 799","name":"Пижама с футболкой и шортами","img":"https://tvoe.ru/img/3r72sg8/product/626/834/36/4620123749677.jpg"},
{"price":"1 799","name":"Хлопковая пижама с шортами","img":"https://tvoe.ru/img/1hthjit/product/626/834/36/4620123749592.jpg"},
{"price":"1 799","name":"Хлопковая пижама с футболкой и шортами","img":"https://tvoe.ru/img/2fc0fa5/product/626/834/36/4620123735700.jpg"},
{"price":"1 799","name":"Хлопковая пижама с принтом жгучего перца","img":"https://tvoe.ru/img/1qvfsjp/product/626/834/36/4620123557654.jpg"},
{"price":"1 999","name":"Пижама с принтом Gudetama","img":"https://tvoe.ru/img/2rua2vt/product/626/834/36/4620123696636.jpg"},
{"price":"1 799","name":"Хлопковая пижама №1 Dad","img":"https://tvoe.ru/img/2o02vvc/product/626/834/36/4620123696438.jpg"},
{"price":"1 799","name":"Хлопковая пижама с футболкой и шортами","img":"https://tvoe.ru/img/ocor9g/product/626/834/36/4620123677642.jpg"},
{"price":"1 799","name":"Хлопковая пижама с надписью Osaka","img":"https://tvoe.ru/img/ph6sum/product/626/834/36/4620123665687.jpg"},
{"price":"1 799","name":"Хлопковая пижама с принтом","img":"https://tvoe.ru/img/2vacosd/product/626/834/36/4620123664390.jpg"},
{"price":"1 799","name":"Хлопковая пижама с принтом черепа","img":"https://tvoe.ru/img/3fm1rt0/product/626/834/36/4620123664345.jpg"},
{"price":"1 799","name":"Пижама с принтом череп","img":"https://tvoe.ru/img/eatbeg/product/626/834/36/4620123608592.jpg"},
{"price":"999","name":"Пижама Venom","img":"https://tvoe.ru/img/316rqbv/product/626/834/36/4620123000563.jpg"},
{"price":"1 799","name":"Яркая пижама с шортами","img":"https://tvoe.ru/img/3gckkie/product/626/834/36/4620123727859.jpg"},
{"price":"1 799","name":"Пижама из хлопка с принтом черепа","img":"https://tvoe.ru/img/2ghn9ta/product/626/834/36/4620123752042.jpg"},
{"price":"1 799","name":"Пижама из хлопка с принтом","img":"https://tvoe.ru/img/rhj8c7/product/626/834/36/4620123749523.jpg"},
{"price":"1 799","name":"Пижама с принтом Bad Badtz","img":"https://tvoe.ru/img/30o68v1/product/626/834/36/4620123740469.jpg"},
{"price":"1 799","name":"Пижама с футболкой и шортами","img":"https://tvoe.ru/img/3r72sg8/product/626/834/36/4620123749677.jpg"},
{"price":"1 799","name":"Хлопковая пижама с шортами","img":"https://tvoe.ru/img/1hthjit/product/626/834/36/4620123749592.jpg"},
{"price":"1 799","name":"Хлопковая пижама с футболкой и шортами","img":"https://tvoe.ru/img/2fc0fa5/product/626/834/36/4620123735700.jpg"},
{"price":"1 799","name":"Хлопковая пижама с принтом жгучего перца","img":"https://tvoe.ru/img/1qvfsjp/product/626/834/36/4620123557654.jpg"},
{"price":"1 999","name":"Пижама с принтом Gudetama","img":"https://tvoe.ru/img/2rua2vt/product/626/834/36/4620123696636.jpg"},
{"price":"1 799","name":"Хлопковая пижама №1 Dad","img":"https://tvoe.ru/img/2o02vvc/product/626/834/36/4620123696438.jpg"},
{"price":"1 799","name":"Хлопковая пижама с футболкой и шортами","img":"https://tvoe.ru/img/ocor9g/product/626/834/36/4620123677642.jpg"},
{"price":"1 799","name":"Хлопковая пижама с надписью Osaka","img":"https://tvoe.ru/img/ph6sum/product/626/834/36/4620123665687.jpg"},
{"price":"1 799","name":"Хлопковая пижама с принтом","img":"https://tvoe.ru/img/2vacosd/product/626/834/36/4620123664390.jpg"},
{"price":"1 799","name":"Хлопковая пижама с принтом черепа","img":"https://tvoe.ru/img/3fm1rt0/product/626/834/36/4620123664345.jpg"},
{"price":"1 799","name":"Пижама с принтом череп","img":"https://tvoe.ru/img/eatbeg/product/626/834/36/4620123608592.jpg"},
{"price":"999","name":"Пижама Venom","img":"https://tvoe.ru/img/316rqbv/product/626/834/36/4620123000563.jpg"}]