[{"price":"1 499","name":"Низкие кеды в клетку","img":"https://tvoe.ru/img/fqpu8b/product/626/834/36/4620123581796.jpg"},
{"price":"1 499","name":"Низкие кеды с белой подошвой","img":"https://tvoe.ru/img/398k8kc/product/626/834/36/4620123581741.jpg"},
{"price":"1 499","name":"Низкие кеды с белой подошвой","img":"https://tvoe.ru/img/1scogp5/product/626/834/36/4620123581697.jpg"},
{"price":"1 799","name":"Высокие классические кеды","img":"https://tvoe.ru/img/1s6l61l/product/626/834/36/4620123581642.jpg"},
{"price":"1 799","name":"Высокие классические кеды","img":"https://tvoe.ru/img/rbeobe/product/626/834/36/4620123581598.jpg"},
{"price":"1 799","name":"Высокие классические кеды","img":"https://tvoe.ru/img/2ps60e1/product/626/834/36/4620123581543.jpg"},
{"price":"1 299","name":"Летние шлепанцы на широкой подошве","img":"https://tvoe.ru/img/2p6kir0/product/626/834/36/4620123667421.jpg"},
{"price":"1 299","name":"Летние шлепанцы на широкой подошве","img":"https://tvoe.ru/img/321fjc9/product/626/834/36/4620123667360.jpg"},
{"price":"1 299","name":"Летние шлепанцы на широкой подошве","img":"https://tvoe.ru/img/16mtif7/product/626/834/36/4620123667339.jpg"},
{"price":"1 799","name":"Низкие текстильные кеды","img":"https://tvoe.ru/img/3jbis7g/product/626/834/36/4620123579502.jpg"},
{"price":"2 999","name":"Низкие кроссовки с сеткой","img":"https://tvoe.ru/img/3fmudlg/product/626/834/36/4620123580409.jpg"},
{"price":"2 799","name":"Текстильные кроссовки на массивной подошве","img":"https://tvoe.ru/img/3lovn6d/product/626/834/36/4620123581352.jpg"},
{"price":"2 799","name":"Текстильные кроссовки на массивной подошве","img":"https://tvoe.ru/img/27tb75b/product/626/834/36/4620123581307.jpg"},
{"price":"2 799","name":"Текстильные кроссовки на массивной подошве","img":"https://tvoe.ru/img/kvu6gj/product/626/834/36/4620123581253.jpg"},
{"price":"2 799","name":"Текстильные кроссовки на массивной подошве","img":"https://tvoe.ru/img/2vc1aq5/product/626/834/36/4620123581208.jpg"},
{"price":"1 999","name":"Низкие кроссовки на белой подошве","img":"https://tvoe.ru/img/2qqkeib/product/626/834/36/4620123580157.jpg"},
{"price":"2 299","name":"Низкие текстильные кроссовки","img":"https://tvoe.ru/img/jmbpha/product/626/834/36/4620123591757.jpg"},
{"price":"2 499","name":"Низкие кроссовки","img":"https://tvoe.ru/img/1m8h0ta/product/626/834/36/4620123591405.jpg"},
{"price":"2 499","name":"Низкие кроссовки","img":"https://tvoe.ru/img/23fi1r2/product/626/834/36/4620123591351.jpg"},
{"price":"3 499","name":"Высокие кроссовки","img":"https://tvoe.ru/img/3g6de4s/product/626/834/36/4620123591207.jpg"},
{"price":"2 999","name":"Низкие кроссовки в сеточку на массивной подошве","img":"https://tvoe.ru/img/1n0cfe2/product/626/834/36/4620123581505.jpg"},
{"price":"2 999","name":"Низкие кроссовки на белой подошве с сеточкой","img":"https://tvoe.ru/img/3t1s8n6/product/626/834/36/4620123581154.jpg"},
{"price":"2 299","name":"Низкие кеды на белой подошве","img":"https://tvoe.ru/img/3dbcv79/product/626/834/36/4620123591856.jpg"},
{"price":"2 299","name":"Низкие кеды на белой подошве","img":"https://tvoe.ru/img/37uir9f/product/626/834/36/4620123591801.jpg"},
{"price":"2 499","name":"Высокие оригинальные кроссовки","img":"https://tvoe.ru/img/32tjaqh/product/626/834/36/4620123581451.jpg"},
{"price":"2 499","name":"Высокие оригинальные кроссовки","img":"https://tvoe.ru/img/ada2s0/product/626/834/36/4620123581406.jpg"},
{"price":"2 799","name":"Высокие кроссовки с белой подошвой","img":"https://tvoe.ru/img/1jpieeb/product/626/834/36/4620123591306.jpg"},
{"price":"2 999","name":"Текстильные кроссовки на высокой белой подошве","img":"https://tvoe.ru/img/2nm9dqs/product/626/834/36/4620123579052.jpg"},
{"price":"2 299","name":"Классические кеды на белой подошве","img":"https://tvoe.ru/img/9is2mo/product/626/834/36/4620123524939.jpg"},
{"price":"2 999","name":"Высокие кроссовки на белой подошве","img":"https://tvoe.ru/img/2s9m7um/product/626/834/36/4620123537458.jpg"},
{"price":"399","name":"Пляжные тапки","img":"https://tvoe.ru/img/18rf38v/product/626/834/36/4620123195566.jpg"},
{"price":"2 999","name":"Высокие кроссовки","img":"https://tvoe.ru/img/2qumlqd/product/626/834/36/4670080363591.jpg"},
{"price":"2 299","name":"Классические кроссовки на каждый день","img":"https://tvoe.ru/img/be6tgg/product/626/834/36/4670080360484-1.jpg"},
{"price":"1 499","name":"Низкие кеды в клетку","img":"https://tvoe.ru/img/fqpu8b/product/626/834/36/4620123581796.jpg"},
{"price":"1 499","name":"Низкие кеды с белой подошвой","img":"https://tvoe.ru/img/398k8kc/product/626/834/36/4620123581741.jpg"},
{"price":"1 499","name":"Низкие кеды с белой подошвой","img":"https://tvoe.ru/img/1scogp5/product/626/834/36/4620123581697.jpg"},
{"price":"1 799","name":"Высокие классические кеды","img":"https://tvoe.ru/img/1s6l61l/product/626/834/36/4620123581642.jpg"},
{"price":"1 799","name":"Высокие классические кеды","img":"https://tvoe.ru/img/rbeobe/product/626/834/36/4620123581598.jpg"},
{"price":"1 799","name":"Высокие классические кеды","img":"https://tvoe.ru/img/2ps60e1/product/626/834/36/4620123581543.jpg"},
{"price":"1 299","name":"Летние шлепанцы на широкой подошве","img":"https://tvoe.ru/img/2p6kir0/product/626/834/36/4620123667421.jpg"},
{"price":"1 299","name":"Летние шлепанцы на широкой подошве","img":"https://tvoe.ru/img/321fjc9/product/626/834/36/4620123667360.jpg"},
{"price":"1 299","name":"Летние шлепанцы на широкой подошве","img":"https://tvoe.ru/img/16mtif7/product/626/834/36/4620123667339.jpg"},
{"price":"1 799","name":"Низкие текстильные кеды","img":"https://tvoe.ru/img/3jbis7g/product/626/834/36/4620123579502.jpg"},
{"price":"2 999","name":"Низкие кроссовки с сеткой","img":"https://tvoe.ru/img/3fmudlg/product/626/834/36/4620123580409.jpg"},
{"price":"2 799","name":"Текстильные кроссовки на массивной подошве","img":"https://tvoe.ru/img/3lovn6d/product/626/834/36/4620123581352.jpg"},
{"price":"2 799","name":"Текстильные кроссовки на массивной подошве","img":"https://tvoe.ru/img/27tb75b/product/626/834/36/4620123581307.jpg"},
{"price":"2 799","name":"Текстильные кроссовки на массивной подошве","img":"https://tvoe.ru/img/kvu6gj/product/626/834/36/4620123581253.jpg"},
{"price":"2 799","name":"Текстильные кроссовки на массивной подошве","img":"https://tvoe.ru/img/2vc1aq5/product/626/834/36/4620123581208.jpg"},
{"price":"1 999","name":"Низкие кроссовки на белой подошве","img":"https://tvoe.ru/img/2qqkeib/product/626/834/36/4620123580157.jpg"},
{"price":"2 299","name":"Низкие текстильные кроссовки","img":"https://tvoe.ru/img/jmbpha/product/626/834/36/4620123591757.jpg"},
{"price":"2 499","name":"Низкие кроссовки","img":"https://tvoe.ru/img/1m8h0ta/product/626/834/36/4620123591405.jpg"},
{"price":"2 499","name":"Низкие кроссовки","img":"https://tvoe.ru/img/23fi1r2/product/626/834/36/4620123591351.jpg"},
{"price":"3 499","name":"Высокие кроссовки","img":"https://tvoe.ru/img/3g6de4s/product/626/834/36/4620123591207.jpg"},
{"price":"2 999","name":"Низкие кроссовки в сеточку на массивной подошве","img":"https://tvoe.ru/img/1n0cfe2/product/626/834/36/4620123581505.jpg"},
{"price":"2 999","name":"Низкие кроссовки на белой подошве с сеточкой","img":"https://tvoe.ru/img/3t1s8n6/product/626/834/36/4620123581154.jpg"},
{"price":"2 299","name":"Низкие кеды на белой подошве","img":"https://tvoe.ru/img/3dbcv79/product/626/834/36/4620123591856.jpg"},
{"price":"2 299","name":"Низкие кеды на белой подошве","img":"https://tvoe.ru/img/37uir9f/product/626/834/36/4620123591801.jpg"},
{"price":"2 499","name":"Высокие оригинальные кроссовки","img":"https://tvoe.ru/img/32tjaqh/product/626/834/36/4620123581451.jpg"},
{"price":"2 499","name":"Высокие оригинальные кроссовки","img":"https://tvoe.ru/img/ada2s0/product/626/834/36/4620123581406.jpg"},
{"price":"2 799","name":"Высокие кроссовки с белой подошвой","img":"https://tvoe.ru/img/1jpieeb/product/626/834/36/4620123591306.jpg"},
{"price":"2 999","name":"Текстильные кроссовки на высокой белой подошве","img":"https://tvoe.ru/img/2nm9dqs/product/626/834/36/4620123579052.jpg"},
{"price":"2 299","name":"Классические кеды на белой подошве","img":"https://tvoe.ru/img/9is2mo/product/626/834/36/4620123524939.jpg"},
{"price":"2 999","name":"Высокие кроссовки на белой подошве","img":"https://tvoe.ru/img/2s9m7um/product/626/834/36/4620123537458.jpg"},
{"price":"399","name":"Пляжные тапки","img":"https://tvoe.ru/img/18rf38v/product/626/834/36/4620123195566.jpg"},
{"price":"2 999","name":"Высокие кроссовки","img":"https://tvoe.ru/img/2qumlqd/product/626/834/36/4670080363591.jpg"},
{"price":"2 299","name":"Классические кроссовки на каждый день","img":"https://tvoe.ru/img/be6tgg/product/626/834/36/4670080360484-1.jpg"}]