[{"price":"2 299","name":"Повседневные трикотажные брюки","img":"https://tvoe.ru/img/3rh4sp2/product/626/834/36/4620123805823.jpg"},{"price":"2 299","name":"Повседневные трикотажные брюки","img":"https://tvoe.ru/img/1hfefke/product/626/834/36/4620123791676.jpg"},{"price":"2 199","name":"Утепленные брюки с манжетами","img":"https://tvoe.ru/img/3ofn38j/product/626/834/36/4620123691006.jpg"},{"price":"2 499","name":"Утепленные брюки с принтом дрейн","img":"https://tvoe.ru/img/2qrmbl/product/626/834/36/4620123766742.jpg"},{"price":"2 499","name":"Трикотажные брюкии джоггеры с принтом","img":"https://tvoe.ru/img/rlcvje/product/626/834/36/4620123763994.jpg"},{"price":"2 499","name":"Утепленные брюки с принтом аниме","img":"https://tvoe.ru/img/l9lfsc/product/626/834/36/4620123800019.jpg"},{"price":"2 199","name":"Утепленные брюки с резинкой снизу","img":"https://tvoe.ru/img/1ss1cbu/product/626/834/36/4620123727217.jpg"},{"price":"2 799","name":"Трикотажные брюки джоггеры оверсайз","img":"https://tvoe.ru/img/1l575be/product/626/834/36/4620123735021.jpg"},{"price":"2 299","name":"Повседневные трикотажные брюки","img":"https://tvoe.ru/img/1mudqmc/product/626/834/36/4620123791560-1.jpg"},{"price":"2 799","name":"Спортивные трикотажные брюки","img":"https://tvoe.ru/img/3867urr/product/626/834/36/4620123691358.jpg"},{"price":"2 799","name":"Повседневные брюки джоггеры с принтом","img":"https://tvoe.ru/img/a9t578/product/626/834/36/4620123791362.jpg"},{"price":"2 499","name":"Зауженные спортивные брюки джоггеры","img":"https://tvoe.ru/img/19uds0k/product/626/834/36/4620123749172.jpg"},{"price":"2 499","name":"Зауженные спортивные брюки джоггеры","img":"https://tvoe.ru/img/2sa3j71/product/626/834/36/4620123749127.jpg"},{"price":"2 499","name":"Зауженные спортивные брюки джоггеры","img":"https://tvoe.ru/img/38hjg26/product/626/834/36/4620123749028.jpg"},{"price":"2 499","name":"Спортивные зауженные брюки джоггеры","img":"https://tvoe.ru/img/1521afq/product/626/834/36/4620123596615.jpg"},{"price":"1 999","name":"Утепленные брюки оверсайз","img":"https://tvoe.ru/img/1qmcob6/product/626/834/36/4620123786757.jpg"},{"price":"2 799","name":"Трикотажные брюки оверсайз","img":"https://tvoe.ru/img/2c50pd6/product/626/834/36/4620123734826.jpg"},{"price":"2 799","name":"Спортивные трикотажные брюки с цифрами 22","img":"https://tvoe.ru/img/1ecposg/product/626/834/36/4620123691303.jpg"},{"price":"2 299","name":"Утепленные брюки джоггеры","img":"https://tvoe.ru/img/osuplu/product/626/834/36/4620123678304.jpg"},{"price":"2 299","name":"Хди оверсайз без рукавов с принтом","img":"https://tvoe.ru/img/3sf3t1f/product/626/834/36/4620123425144.jpg"},{"price":"1 199","name":"Однотонные спортивные шорты","img":"https://tvoe.ru/img/125pi89/product/626/834/36/4670080789148.jpg"},{"price":"2 199","name":"Утепленные брюки оверсайз с резинкой снизу","img":"https://tvoe.ru/img/1sn3lhu/product/626/834/36/4620123753087.jpg"},{"price":"2 199","name":"Утепленные брюки с надписью","img":"https://tvoe.ru/img/1ej0l12/product/626/834/36/4620123766148.jpg"},{"price":"2 499","name":"Повседневные брюки с принтом скелета","img":"https://tvoe.ru/img/1qs59t7/product/626/834/36/4620123748229.jpg"},{"price":"2 499","name":"Утепленные трикотажные брюки с принтом","img":"https://tvoe.ru/img/nfonh/product/626/834/36/4620123737933.jpg"},{"price":"2 799","name":"Зипка с капюшоном и с прорезью для большого пальца","img":"https://tvoe.ru/img/3lvdncg/product/626/834/36/4620123512479.jpg"},{"price":"999","name":"Спортивная футболка без рукавов","img":"https://tvoe.ru/img/40df45/product/626/834/36/4620123784074.jpg"},{"price":"2 499","name":"Повседневные теплые брюки с принтом черепа","img":"https://tvoe.ru/img/3hv2k8e/product/626/834/36/4620123767978.jpg"},{"price":"2 499","name":"Теплые брюки с надписью Fearless","img":"https://tvoe.ru/img/3cgt8a2/product/626/834/36/4620123768005.jpg"},{"price":"2 499","name":"Утепленные брюки с надписью","img":"https://tvoe.ru/img/6899oa/product/626/834/36/4620123766810.jpg"},{"price":"1 299","name":"Спортивный лонгслив с высоким воротом на молнии","img":"https://tvoe.ru/img/hf7d6b/product/626/834/36/4620123592785.jpg"},{"price":"2 199","name":"Трикотажные повседневные брюки с принтом","img":"https://tvoe.ru/img/3dtuvk0/product/626/834/36/4620123342915.jpg"},{"price":"1 999","name":"Повседневные брюки джоггеры оверсайз","img":"https://tvoe.ru/img/21efv84/product/626/834/36/4620123739241.jpg"},{"price":"2 799","name":"Спортивные зауженные брюки","img":"https://tvoe.ru/img/38mcre6/product/626/834/36/4620123724131.jpg"},{"price":"2 299","name":"Повседневные трикотажные брюки","img":"https://tvoe.ru/img/3rh4sp2/product/626/834/36/4620123805823.jpg"},{"price":"2 299","name":"Повседневные трикотажные брюки","img":"https://tvoe.ru/img/1hfefke/product/626/834/36/4620123791676.jpg"},{"price":"2 199","name":"Утепленные брюки с манжетами","img":"https://tvoe.ru/img/3ofn38j/product/626/834/36/4620123691006.jpg"},{"price":"2 499","name":"Утепленные брюки с принтом дрейн","img":"https://tvoe.ru/img/2qrmbl/product/626/834/36/4620123766742.jpg"},{"price":"2 499","name":"Трикотажные брюкии джоггеры с принтом","img":"https://tvoe.ru/img/rlcvje/product/626/834/36/4620123763994.jpg"},{"price":"2 499","name":"Утепленные брюки с принтом аниме","img":"https://tvoe.ru/img/l9lfsc/product/626/834/36/4620123800019.jpg"},{"price":"2 199","name":"Утепленные брюки с резинкой снизу","img":"https://tvoe.ru/img/1ss1cbu/product/626/834/36/4620123727217.jpg"},{"price":"2 799","name":"Трикотажные брюки джоггеры оверсайз","img":"https://tvoe.ru/img/1l575be/product/626/834/36/4620123735021.jpg"},{"price":"2 299","name":"Повседневные трикотажные брюки","img":"https://tvoe.ru/img/1mudqmc/product/626/834/36/4620123791560-1.jpg"},{"price":"2 799","name":"Спортивные трикотажные брюки","img":"https://tvoe.ru/img/3867urr/product/626/834/36/4620123691358.jpg"},{"price":"2 799","name":"Повседневные брюки джоггеры с принтом","img":"https://tvoe.ru/img/a9t578/product/626/834/36/4620123791362.jpg"},{"price":"2 499","name":"Зауженные спортивные брюки джоггеры","img":"https://tvoe.ru/img/19uds0k/product/626/834/36/4620123749172.jpg"},{"price":"2 499","name":"Зауженные спортивные брюки джоггеры","img":"https://tvoe.ru/img/2sa3j71/product/626/834/36/4620123749127.jpg"},{"price":"2 499","name":"Зауженные спортивные брюки джоггеры","img":"https://tvoe.ru/img/38hjg26/product/626/834/36/4620123749028.jpg"},{"price":"2 499","name":"Спортивные зауженные брюки джоггеры","img":"https://tvoe.ru/img/1521afq/product/626/834/36/4620123596615.jpg"},{"price":"1 999","name":"Утепленные брюки оверсайз","img":"https://tvoe.ru/img/1qmcob6/product/626/834/36/4620123786757.jpg"},{"price":"2 799","name":"Трикотажные брюки оверсайз","img":"https://tvoe.ru/img/2c50pd6/product/626/834/36/4620123734826.jpg"},{"price":"2 799","name":"Спортивные трикотажные брюки с цифрами 22","img":"https://tvoe.ru/img/1ecposg/product/626/834/36/4620123691303.jpg"},{"price":"2 299","name":"Утепленные брюки джоггеры","img":"https://tvoe.ru/img/osuplu/product/626/834/36/4620123678304.jpg"},{"price":"2 299","name":"Хди оверсайз без рукавов с принтом","img":"https://tvoe.ru/img/3sf3t1f/product/626/834/36/4620123425144.jpg"},{"price":"1 199","name":"Однотонные спортивные шорты","img":"https://tvoe.ru/img/125pi89/product/626/834/36/4670080789148.jpg"},{"price":"2 199","name":"Утепленные брюки оверсайз с резинкой снизу","img":"https://tvoe.ru/img/1sn3lhu/product/626/834/36/4620123753087.jpg"},{"price":"2 199","name":"Утепленные брюки с надписью","img":"https://tvoe.ru/img/1ej0l12/product/626/834/36/4620123766148.jpg"},{"price":"2 499","name":"Повседневные брюки с принтом скелета","img":"https://tvoe.ru/img/1qs59t7/product/626/834/36/4620123748229.jpg"},{"price":"2 499","name":"Утепленные трикотажные брюки с принтом","img":"https://tvoe.ru/img/nfonh/product/626/834/36/4620123737933.jpg"},{"price":"2 799","name":"Зипка с капюшоном и с прорезью для большого пальца","img":"https://tvoe.ru/img/3lvdncg/product/626/834/36/4620123512479.jpg"},{"price":"999","name":"Спортивная футболка без рукавов","img":"https://tvoe.ru/img/40df45/product/626/834/36/4620123784074.jpg"},{"price":"2 499","name":"Повседневные теплые брюки с принтом черепа","img":"https://tvoe.ru/img/3hv2k8e/product/626/834/36/4620123767978.jpg"},{"price":"2 499","name":"Теплые брюки с надписью Fearless","img":"https://tvoe.ru/img/3cgt8a2/product/626/834/36/4620123768005.jpg"},{"price":"2 499","name":"Утепленные брюки с надписью","img":"https://tvoe.ru/img/6899oa/product/626/834/36/4620123766810.jpg"},{"price":"1 299","name":"Спортивный лонгслив с высоким воротом на молнии","img":"https://tvoe.ru/img/hf7d6b/product/626/834/36/4620123592785.jpg"},{"price":"2 199","name":"Трикотажные повседневные брюки с принтом","img":"https://tvoe.ru/img/3dtuvk0/product/626/834/36/4620123342915.jpg"},{"price":"1 999","name":"Повседневные брюки джоггеры оверсайз","img":"https://tvoe.ru/img/21efv84/product/626/834/36/4620123739241.jpg"},{"price":"2 799","name":"Спортивные зауженные брюки","img":"https://tvoe.ru/img/38mcre6/product/626/834/36/4620123724131.jpg"},{"price":"999","name":"Спортивная футболка для тренировок","img":"https://tvoe.ru/img/25n4q0f/product/626/834/36/4620123691259.jpg"},{"price":"2 499","name":"Повседневные теплые брюки с надписью","img":"https://tvoe.ru/img/233ep4p/product/626/834/36/4620123751991.jpg"},{"price":"2 199","name":"Зауженные теплые брюки с надписью","img":"https://tvoe.ru/img/suqolk/product/626/834/36/4620123756644.jpg"},{"price":"2 499","name":"Теплые трикотажные брюки","img":"https://tvoe.ru/img/2tc2e8g/product/626/834/36/4620123702993.jpg"},{"price":"2 499","name":"Утепленные брюки джоггеры","img":"https://tvoe.ru/img/1v6fu9r/product/626/834/36/4620123698135.jpg"},{"price":"2 499","name":"Утепленные брюки джоггеры с надписью Wildest","img":"https://tvoe.ru/img/3q605ah/product/626/834/36/4620123689508.jpg"},{"price":"2 499","name":"Спортивные зауженные брюки джоггеры","img":"https://tvoe.ru/img/3t3q6km/product/626/834/36/4620123596660.jpg"},{"price":"2 199","name":"Спортивные зауженные брюки джоггеры","img":"https://tvoe.ru/img/28d0m28/product/626/834/36/4620123516798.jpg"},{"price":"1 499","name":"Спортивные трикотажные шорты","img":"https://tvoe.ru/img/bbamsr/product/626/834/36/4620123507550.jpg"},{"price":"2 199","name":"Утепленные мужские прямые брюки","img":"https://tvoe.ru/img/t69b8i/product/626/834/36/4620123715023.jpg"},{"price":"2 199","name":"Утепленные мужские прямые брюки","img":"https://tvoe.ru/img/387u0vc/product/626/834/36/4620123714972.jpg"},{"price":"2 199","name":"Утепленные мужские прямые брюки","img":"https://tvoe.ru/img/3he2jd2/product/626/834/36/4620123714927.jpg"},{"price":"2 199","name":"Утепленные брюки Color Basic","img":"https://tvoe.ru/img/et4tk6/product/626/834/36/4620123728726.jpg"},{"price":"2 199","name":"Утепленные брюки Color Basic","img":"https://tvoe.ru/img/17pf04p/product/626/834/36/4620123728627.jpg"},{"price":"2 199","name":"Утепленные брюки Color Basic","img":"https://tvoe.ru/img/uilvg7/product/626/834/36/4620123728573.jpg"},{"price":"2 199","name":"Утепленные брюки Color Basic","img":"https://tvoe.ru/img/2euni91/product/626/834/36/4620123728528.jpg"},{"price":"2 199","name":"Утепленные брюки Color Basic","img":"https://tvoe.ru/img/39jrofu/product/626/834/36/4620123728474.jpg"},{"price":"1 499","name":"Спортивный лонгслив с молнией на воротнике","img":"https://tvoe.ru/img/3ri01e/product/626/834/36/4620123691051.jpg"},{"price":"3 199","name":"Спортивный свитшот оверсайз с надписью Bright","img":"https://tvoe.ru/img/37uvok1/product/626/834/36/4620123732099.jpg"},{"price":"999","name":"Спортивная футболка для тренировок","img":"https://tvoe.ru/img/131c9j2/product/626/834/36/4620123691150.jpg"},{"price":"2 199","name":"Утепленные брюки с принтом","img":"https://tvoe.ru/img/1p6j8s4/product/626/834/36/4620123748625.jpg"},{"price":"2 499","name":"Утепленные брюки с надписью Rare","img":"https://tvoe.ru/img/1mirl2c/product/626/834/36/4620123737889.jpg"},{"price":"2 499","name":"Утепленные брюки с принтом","img":"https://tvoe.ru/img/2jlnjk6/product/626/834/36/4620123732266.jpg"},{"price":"2 499","name":"Трикотажные брюки джоггеры с начесом","img":"https://tvoe.ru/img/2h6blgb/product/626/834/36/4620123728214.jpg"},{"price":"2 199","name":"Спортивные зауженные брюки джоггеры","img":"https://tvoe.ru/img/11onuil/product/626/834/36/4620123516743.jpg"},{"price":"1 999","name":"Повседневные брюки оверсайз","img":"https://tvoe.ru/img/3dq127r/product/626/834/36/4620123745655.jpg"},{"price":"2 199","name":"Утепленные брюки оверсайз с резинкой снизу","img":"https://tvoe.ru/img/3adfo1b/product/626/834/36/4620123753131.jpg"},{"price":"2 499","name":"Теплые трикотажные брюки","img":"https://tvoe.ru/img/3dfhuoi/product/626/834/36/4620123757702.jpg"},{"price":"2 199","name":"Утепленные брюки Color Basic","img":"https://tvoe.ru/img/3pq3549/product/626/834/36/4620123728672-1.jpg"},{"price":"999","name":"Спортивная футболка для тренировок","img":"https://tvoe.ru/img/135rea1/product/626/834/36/4620123691204.jpg"},{"price":"2 499","name":"Утепленные брюки с принтом черепов","img":"https://tvoe.ru/img/gilenu/product/626/834/36/4620123739869.jpg"},{"price":"2 799","name":"Утепленные брюки с принтом черепов","img":"https://tvoe.ru/img/2hrvha1/product/626/834/36/4620123732167.jpg"},{"price":"2 499","name":"Повседневные брюки с принтом тигра","img":"https://tvoe.ru/img/2jiuv4u/product/626/834/36/4620123677543.jpg"},{"price":"2 499","name":"Утепленные трикотажные брюки с надписями","img":"https://tvoe.ru/img/2pgdpsv/product/626/834/36/4620123641940.jpg"}]